RelErr_X1,RelErr_X2,RelErr_X1X2,deconfounding_corrcoef,CC_dispersion,ss,db,ari_trueCluster,nmi_trueCluster,ari_confoundedCluster,nmi_confoundedCluster
0.2854553,0.2146286,0.23537529,[57.87565813857871],0.9305280362017002,0.14574113,2.201304250297327,0.701608317790461,0.7690838936326548,0.0004871270808000981,0.0030617420982114022
