RelErr_X1,RelErr_X2,RelErr_X1X2,deconfounding_corrcoef,CC_dispersion,ss,db,ari_trueCluster,nmi_trueCluster,ari_confoundedCluster,nmi_confoundedCluster
0.29244784,0.21752384,0.23947069,[81.06070271497121],0.9211327501857907,0.13412304,2.225866285237758,0.6921320014270749,0.7789400674873811,0.0001933826207526914,0.0029460318250045152
