,recon_x1,recon_x2,l2_error,ss,db,ari,nmi
0,0.5997679503056204,0.8099389629897426,0.3712686,0.14719602,2.1043920763445727,0.7259809915899633,0.8060107232959227
