,recon_x1,recon_x2,l2_error,ss,db,ari,nmi
0,0.5986385222031935,0.8044677028331347,0.36980942,0.11936782,2.394022454420546,0.6629549344931813,0.7425683411564378
