RelErr_X1,RelErr_X2,RelErr_X1X2,deconfounding_corrcoef,CC_dispersion,ss,db,ari_trueCluster,nmi_trueCluster,ari_confoundedCluster,nmi_confoundedCluster
0.19512263,0.21795143,0.20894384,[-185.1345365106981],0.770316398562155,0.086159065,2.3279476048024628,0.3499580124380003,0.5007852982341097,0.003788949367330109,0.007292634557749531
