,recon_x1,recon_x2,l2_error,ss,db,ari,nmi
0,0.6013871396649121,0.8163458826576186,0.36338332,0.12983827,2.331449684022588,0.702133828469933,0.7562277555117148
